"기준_년_코드","기준_분기_코드","시군구_코드","시군구_코드_명","상권_변화_지표","상권_변화_지표_명","운영_영업_개월_평균","폐업_영업_개월_평균","서울_운영_영업_개월_평균","서울_폐업_영업_개월_평균"
"2023","1","11740","강동구","LL","다이나믹","98","49","104","52"
"2023","1","11710","송파구","LL","다이나믹","102","49","104","52"
"2023","1","11680","강남구","LL","다이나믹","99","48","104","52"
"2023","1","11650","서초구","HH","정체","114","53","104","52"
"2023","1","11620","관악구","LL","다이나믹","99","49","104","52"
"2023","1","11590","동작구","HH","정체","107","54","104","52"
"2023","1","11560","영등포구","HH","정체","109","52","104","52"
"2023","1","11545","금천구","LL","다이나믹","99","50","104","52"
"2023","1","11530","구로구","HL","상권축소","106","50","104","52"
"2023","1","11500","강서구","LL","다이나믹","87","48","104","52"
"2023","1","11470","양천구","LL","다이나믹","100","49","104","52"
"2023","1","11440","마포구","LL","다이나믹","89","48","104","52"
"2023","1","11410","서대문구","HH","정체","105","53","104","52"
"2023","1","11380","은평구","LL","다이나믹","97","50","104","52"
"2023","1","11350","노원구","LL","다이나믹","96","49","104","52"
"2023","1","11320","도봉구","LL","다이나믹","100","49","104","52"
"2023","1","11305","강북구","LL","다이나믹","99","48","104","52"
"2023","1","11290","성북구","LH","상권확장","103","52","104","52"
"2023","1","11260","중랑구","LL","다이나믹","99","49","104","52"
"2023","1","11230","동대문구","HH","정체","113","53","104","52"
"2023","1","11215","광진구","LL","다이나믹","101","51","104","52"
"2023","1","11200","성동구","LH","상권확장","97","53","104","52"
"2023","1","11170","용산구","HH","정체","113","56","104","52"
"2023","1","11140","중구","HH","정체","133","61","104","52"
"2023","1","11110","종로구","HH","정체","128","61","104","52"
"2022","4","11740","강동구","LL","다이나믹","117","52","123","56"
"2022","4","11710","송파구","LL","다이나믹","121","56","123","56"
"2022","4","11680","강남구","LL","다이나믹","116","52","123","56"
"2022","4","11650","서초구","HH","정체","134","57","123","56"
"2022","4","11620","관악구","LL","다이나믹","119","54","123","56"
"2022","4","11590","동작구","HH","정체","126","60","123","56"
"2022","4","11560","영등포구","HH","정체","128","56","123","56"
"2022","4","11545","금천구","LL","다이나믹","118","54","123","56"
"2022","4","11530","구로구","HL","상권축소","125","54","123","56"
"2022","4","11500","강서구","LL","다이나믹","103","52","123","56"
"2022","4","11470","양천구","LL","다이나믹","117","53","123","56"
"2022","4","11440","마포구","LL","다이나믹","103","52","123","56"
"2022","4","11410","서대문구","HH","정체","126","58","123","56"
"2022","4","11380","은평구","LL","다이나믹","115","55","123","56"
"2022","4","11350","노원구","LL","다이나믹","114","53","123","56"
"2022","4","11320","도봉구","LL","다이나믹","116","53","123","56"
"2022","4","11305","강북구","LL","다이나믹","117","53","123","56"
"2022","4","11290","성북구","LH","상권확장","123","58","123","56"
"2022","4","11260","중랑구","LL","다이나믹","118","53","123","56"
"2022","4","11230","동대문구","HH","정체","135","59","123","56"
"2022","4","11215","광진구","LL","다이나믹","118","54","123","56"
"2022","4","11200","성동구","LH","상권확장","115","59","123","56"
"2022","4","11170","용산구","HH","정체","133","60","123","56"
"2022","4","11140","중구","HH","정체","157","66","123","56"
"2022","4","11110","종로구","HH","정체","143","66","123","56"
"2022","3","11740","강동구","LL","다이나믹","115","52","122","56"
"2022","3","11710","송파구","LL","다이나믹","120","55","122","56"
"2022","3","11680","강남구","LL","다이나믹","114","51","122","56"
"2022","3","11650","서초구","HH","정체","132","56","122","56"
"2022","3","11620","관악구","LL","다이나믹","118","54","122","56"
"2022","3","11590","동작구","HH","정체","125","59","122","56"
"2022","3","11560","영등포구","HH","정체","126","56","122","56"
"2022","3","11545","금천구","LL","다이나믹","116","54","122","56"
"2022","3","11530","구로구","HL","상권축소","124","54","122","56"
"2022","3","11500","강서구","LL","다이나믹","102","52","122","56"
"2022","3","11470","양천구","LL","다이나믹","116","52","122","56"
"2022","3","11440","마포구","LL","다이나믹","102","52","122","56"
"2022","3","11410","서대문구","HH","정체","125","57","122","56"
"2022","3","11380","은평구","LL","다이나믹","114","55","122","56"
"2022","3","11350","노원구","LL","다이나믹","113","53","122","56"
"2022","3","11320","도봉구","LL","다이나믹","115","53","122","56"
"2022","3","11305","강북구","LL","다이나믹","115","52","122","56"
"2022","3","11290","성북구","LH","상권확장","121","58","122","56"
"2022","3","11260","중랑구","LL","다이나믹","117","53","122","56"
"2022","3","11230","동대문구","HH","정체","133","59","122","56"
"2022","3","11215","광진구","LL","다이나믹","116","54","122","56"
"2022","3","11200","성동구","LH","상권확장","114","59","122","56"
"2022","3","11170","용산구","HH","정체","132","59","122","56"
"2022","3","11140","중구","HH","정체","155","66","122","56"
"2022","3","11110","종로구","HH","정체","142","65","122","56"
"2022","2","11740","강동구","LL","다이나믹","114","52","121","55"
"2022","2","11710","송파구","LL","다이나믹","119","55","121","55"
"2022","2","11680","강남구","LL","다이나믹","113","51","121","55"
"2022","2","11650","서초구","HH","정체","131","56","121","55"
"2022","2","11620","관악구","LL","다이나믹","117","53","121","55"
"2022","2","11590","동작구","HH","정체","124","59","121","55"
"2022","2","11560","영등포구","HH","정체","125","56","121","55"
"2022","2","11545","금천구","LL","다이나믹","115","53","121","55"
"2022","2","11530","구로구","HL","상권축소","123","54","121","55"
"2022","2","11500","강서구","LL","다이나믹","101","51","121","55"
"2022","2","11470","양천구","LL","다이나믹","115","52","121","55"
"2022","2","11440","마포구","LL","다이나믹","102","52","121","55"
"2022","2","11410","서대문구","HH","정체","124","57","121","55"
"2022","2","11380","은평구","LL","다이나믹","113","54","121","55"
"2022","2","11350","노원구","LL","다이나믹","112","53","121","55"
"2022","2","11320","도봉구","LL","다이나믹","114","52","121","55"
"2022","2","11305","강북구","LL","다이나믹","115","52","121","55"
"2022","2","11290","성북구","HH","정체","121","58","121","55"
"2022","2","11260","중랑구","LL","다이나믹","116","52","121","55"
"2022","2","11230","동대문구","HH","정체","132","58","121","55"
"2022","2","11215","광진구","LL","다이나믹","115","54","121","55"
"2022","2","11200","성동구","LH","상권확장","113","59","121","55"
"2022","2","11170","용산구","HH","정체","131","59","121","55"
"2022","2","11140","중구","HH","정체","153","65","121","55"
"2022","2","11110","종로구","HH","정체","141","65","121","55"
"2022","1","11740","강동구","LL","다이나믹","113","52","119","55"
"2022","1","11710","송파구","LL","다이나믹","118","55","119","55"
"2022","1","11680","강남구","LL","다이나믹","111","51","119","55"
"2022","1","11650","서초구","HH","정체","129","56","119","55"
"2022","1","11620","관악구","LL","다이나믹","115","53","119","55"
"2022","1","11590","동작구","HH","정체","123","59","119","55"
"2022","1","11560","영등포구","HH","정체","124","55","119","55"
"2022","1","11545","금천구","LL","다이나믹","113","53","119","55"
"2022","1","11530","구로구","HL","상권축소","121","54","119","55"
"2022","1","11500","강서구","LL","다이나믹","100","51","119","55"
"2022","1","11470","양천구","LL","다이나믹","113","52","119","55"
"2022","1","11440","마포구","LL","다이나믹","101","52","119","55"
"2022","1","11410","서대문구","HH","정체","123","57","119","55"
"2022","1","11380","은평구","LL","다이나믹","112","54","119","55"
"2022","1","11350","노원구","LL","다이나믹","111","53","119","55"
"2022","1","11320","도봉구","LL","다이나믹","112","52","119","55"
"2022","1","11305","강북구","LL","다이나믹","113","52","119","55"
"2022","1","11290","성북구","HH","정체","120","58","119","55"
"2022","1","11260","중랑구","LL","다이나믹","115","52","119","55"
"2022","1","11230","동대문구","HH","정체","131","58","119","55"
"2022","1","11215","광진구","LL","다이나믹","114","54","119","55"
"2022","1","11200","성동구","LH","상권확장","112","58","119","55"
"2022","1","11170","용산구","HH","정체","130","59","119","55"
"2022","1","11140","중구","HH","정체","151","65","119","55"
"2022","1","11110","종로구","HH","정체","139","65","119","55"
"2021","4","11740","강동구","LL","다이나믹","112","52","118","55"
"2021","4","11710","송파구","LL","다이나믹","117","55","118","55"
"2021","4","11680","강남구","LL","다이나믹","110","51","118","55"
"2021","4","11650","서초구","HH","정체","128","56","118","55"
"2021","4","11620","관악구","LL","다이나믹","114","53","118","55"
"2021","4","11590","동작구","HH","정체","122","59","118","55"
"2021","4","11560","영등포구","HH","정체","123","55","118","55"
"2021","4","11545","금천구","LL","다이나믹","112","53","118","55"
"2021","4","11530","구로구","HL","상권축소","120","53","118","55"
"2021","4","11500","강서구","LL","다이나믹","100","51","118","55"
"2021","4","11470","양천구","LL","다이나믹","112","52","118","55"
"2021","4","11440","마포구","LL","다이나믹","100","52","118","55"
"2021","4","11410","서대문구","HH","정체","122","57","118","55"
"2021","4","11380","은평구","LL","다이나믹","111","54","118","55"
"2021","4","11350","노원구","LL","다이나믹","110","52","118","55"
"2021","4","11320","도봉구","LL","다이나믹","112","52","118","55"
"2021","4","11305","강북구","LL","다이나믹","112","52","118","55"
"2021","4","11290","성북구","HH","정체","119","57","118","55"
"2021","4","11260","중랑구","LL","다이나믹","114","52","118","55"
"2021","4","11230","동대문구","HH","정체","130","58","118","55"
"2021","4","11215","광진구","LL","다이나믹","114","54","118","55"
"2021","4","11200","성동구","LH","상권확장","111","58","118","55"
"2021","4","11170","용산구","HH","정체","129","59","118","55"
"2021","4","11140","중구","HH","정체","149","65","118","55"
"2021","4","11110","종로구","HH","정체","138","65","118","55"
"2021","3","11740","강동구","LL","다이나믹","111","52","117","55"
"2021","3","11710","송파구","LL","다이나믹","116","55","117","55"
"2021","3","11680","강남구","LL","다이나믹","109","51","117","55"
"2021","3","11650","서초구","HH","정체","127","55","117","55"
"2021","3","11620","관악구","LL","다이나믹","114","53","117","55"
"2021","3","11590","동작구","HH","정체","121","58","117","55"
"2021","3","11560","영등포구","HH","정체","122","55","117","55"
"2021","3","11545","금천구","LL","다이나믹","111","53","117","55"
"2021","3","11530","구로구","HL","상권축소","119","53","117","55"
"2021","3","11500","강서구","LL","다이나믹","99","51","117","55"
"2021","3","11470","양천구","LL","다이나믹","111","52","117","55"
"2021","3","11440","마포구","LL","다이나믹","99","52","117","55"
"2021","3","11410","서대문구","HH","정체","121","57","117","55"
"2021","3","11380","은평구","LL","다이나믹","110","54","117","55"
"2021","3","11350","노원구","LL","다이나믹","109","52","117","55"
"2021","3","11320","도봉구","LL","다이나믹","111","52","117","55"
"2021","3","11305","강북구","LL","다이나믹","111","52","117","55"
"2021","3","11290","성북구","HH","정체","118","57","117","55"
"2021","3","11260","중랑구","LL","다이나믹","113","52","117","55"
"2021","3","11230","동대문구","HH","정체","129","58","117","55"
"2021","3","11215","광진구","LL","다이나믹","113","53","117","55"
"2021","3","11200","성동구","LH","상권확장","111","58","117","55"
"2021","3","11170","용산구","HH","정체","128","58","117","55"
"2021","3","11140","중구","HH","정체","147","64","117","55"
"2021","3","11110","종로구","HH","정체","137","64","117","55"
"2021","2","11740","강동구","LL","다이나믹","110","51","116","55"
"2021","2","11710","송파구","LL","다이나믹","115","55","116","55"
"2021","2","11680","강남구","LL","다이나믹","108","51","116","55"
"2021","2","11650","서초구","HH","정체","125","55","116","55"
"2021","2","11620","관악구","LL","다이나믹","112","53","116","55"
"2021","2","11590","동작구","HH","정체","119","58","116","55"
"2021","2","11560","영등포구","HH","정체","121","55","116","55"
"2021","2","11545","금천구","LL","다이나믹","110","53","116","55"
"2021","2","11530","구로구","HL","상권축소","117","53","116","55"
"2021","2","11500","강서구","LL","다이나믹","98","51","116","55"
"2021","2","11470","양천구","LL","다이나믹","110","52","116","55"
"2021","2","11440","마포구","LL","다이나믹","98","51","116","55"
"2021","2","11410","서대문구","HH","정체","120","57","116","55"
"2021","2","11380","은평구","LL","다이나믹","109","54","116","55"
"2021","2","11350","노원구","LL","다이나믹","108","52","116","55"
"2021","2","11320","도봉구","LL","다이나믹","110","52","116","55"
"2021","2","11305","강북구","LL","다이나믹","110","52","116","55"
"2021","2","11290","성북구","HH","정체","117","57","116","55"
"2021","2","11260","중랑구","LL","다이나믹","112","52","116","55"
"2021","2","11230","동대문구","HH","정체","128","58","116","55"
"2021","2","11215","광진구","LL","다이나믹","111","53","116","55"
"2021","2","11200","성동구","LH","상권확장","110","58","116","55"
"2021","2","11170","용산구","HH","정체","127","58","116","55"
"2021","2","11140","중구","HH","정체","145","64","116","55"
"2021","2","11110","종로구","HH","정체","136","64","116","55"
"2021","1","11740","강동구","LL","다이나믹","110","51","115","54"
"2021","1","11710","송파구","LL","다이나믹","113","54","115","54"
"2021","1","11680","강남구","LL","다이나믹","107","50","115","54"
"2021","1","11650","서초구","HH","정체","124","55","115","54"
"2021","1","11620","관악구","LL","다이나믹","112","53","115","54"
"2021","1","11590","동작구","HH","정체","119","58","115","54"
"2021","1","11560","영등포구","HH","정체","120","55","115","54"
"2021","1","11545","금천구","LL","다이나믹","109","52","115","54"
"2021","1","11530","구로구","HL","상권축소","116","53","115","54"
"2021","1","11500","강서구","LL","다이나믹","98","51","115","54"
"2021","1","11470","양천구","LL","다이나믹","109","51","115","54"
"2021","1","11440","마포구","LL","다이나믹","98","51","115","54"
"2021","1","11410","서대문구","HH","정체","120","56","115","54"
"2021","1","11380","은평구","LL","다이나믹","108","53","115","54"
"2021","1","11350","노원구","LL","다이나믹","107","52","115","54"
"2021","1","11320","도봉구","LL","다이나믹","109","52","115","54"
"2021","1","11305","강북구","LL","다이나믹","109","51","115","54"
"2021","1","11290","성북구","HH","정체","116","57","115","54"
"2021","1","11260","중랑구","LL","다이나믹","112","51","115","54"
"2021","1","11230","동대문구","HH","정체","127","57","115","54"
"2021","1","11215","광진구","LL","다이나믹","111","53","115","54"
"2021","1","11200","성동구","LH","상권확장","109","58","115","54"
"2021","1","11170","용산구","HH","정체","125","58","115","54"
"2021","1","11140","중구","HH","정체","143","64","115","54"
"2021","1","11110","종로구","HH","정체","134","64","115","54"
"2020","4","11740","강동구","LL","다이나믹","109","51","114","54"
"2020","4","11710","송파구","LL","다이나믹","112","54","114","54"
"2020","4","11680","강남구","LL","다이나믹","106","50","114","54"
"2020","4","11650","서초구","HH","정체","123","55","114","54"
"2020","4","11620","관악구","LL","다이나믹","111","53","114","54"
"2020","4","11590","동작구","HH","정체","117","58","114","54"
"2020","4","11560","영등포구","HH","정체","119","54","114","54"
"2020","4","11545","금천구","LL","다이나믹","108","52","114","54"
"2020","4","11530","구로구","HL","상권축소","114","53","114","54"
"2020","4","11500","강서구","LL","다이나믹","97","51","114","54"
"2020","4","11470","양천구","LL","다이나믹","108","51","114","54"
"2020","4","11440","마포구","LL","다이나믹","96","51","114","54"
"2020","4","11410","서대문구","HH","정체","118","56","114","54"
"2020","4","11380","은평구","LL","다이나믹","107","53","114","54"
"2020","4","11350","노원구","LL","다이나믹","106","52","114","54"
"2020","4","11320","도봉구","LL","다이나믹","108","51","114","54"
"2020","4","11305","강북구","LL","다이나믹","109","51","114","54"
"2020","4","11290","성북구","HH","정체","115","57","114","54"
"2020","4","11260","중랑구","LL","다이나믹","111","51","114","54"
"2020","4","11230","동대문구","HH","정체","126","57","114","54"
"2020","4","11215","광진구","LL","다이나믹","110","53","114","54"
"2020","4","11200","성동구","LH","상권확장","108","57","114","54"
"2020","4","11170","용산구","HH","정체","124","58","114","54"
"2020","4","11140","중구","HH","정체","141","64","114","54"
"2020","4","11110","종로구","HH","정체","133","63","114","54"
"2020","3","11740","강동구","LL","다이나믹","108","51","113","54"
"2020","3","11710","송파구","LL","다이나믹","111","54","113","54"
"2020","3","11680","강남구","LL","다이나믹","104","50","113","54"
"2020","3","11650","서초구","HH","정체","121","54","113","54"
"2020","3","11620","관악구","LL","다이나믹","110","52","113","54"
"2020","3","11590","동작구","HH","정체","116","57","113","54"
"2020","3","11560","영등포구","HH","정체","117","54","113","54"
"2020","3","11545","금천구","LL","다이나믹","106","52","113","54"
"2020","3","11530","구로구","LL","다이나믹","112","52","113","54"
"2020","3","11500","강서구","LL","다이나믹","96","50","113","54"
"2020","3","11470","양천구","LL","다이나믹","107","51","113","54"
"2020","3","11440","마포구","LL","다이나믹","95","51","113","54"
"2020","3","11410","서대문구","HH","정체","117","56","113","54"
"2020","3","11380","은평구","LL","다이나믹","106","53","113","54"
"2020","3","11350","노원구","LL","다이나믹","104","51","113","54"
"2020","3","11320","도봉구","LL","다이나믹","106","51","113","54"
"2020","3","11305","강북구","LL","다이나믹","107","51","113","54"
"2020","3","11290","성북구","HH","정체","114","56","113","54"
"2020","3","11260","중랑구","LL","다이나믹","110","51","113","54"
"2020","3","11230","동대문구","HH","정체","124","57","113","54"
"2020","3","11215","광진구","LL","다이나믹","108","53","113","54"
"2020","3","11200","성동구","LH","상권확장","107","57","113","54"
"2020","3","11170","용산구","HH","정체","122","58","113","54"
"2020","3","11140","중구","HH","정체","138","63","113","54"
"2020","3","11110","종로구","HH","정체","131","63","113","54"
"2020","2","11740","강동구","LL","다이나믹","107","50","111","54"
"2020","2","11710","송파구","LH","상권확장","109","54","111","54"
"2020","2","11680","강남구","LL","다이나믹","103","50","111","54"
"2020","2","11650","서초구","HH","정체","119","54","111","54"
"2020","2","11620","관악구","LL","다이나믹","109","52","111","54"
"2020","2","11590","동작구","HH","정체","115","57","111","54"
"2020","2","11560","영등포구","HH","정체","116","54","111","54"
"2020","2","11545","금천구","LL","다이나믹","105","52","111","54"
"2020","2","11530","구로구","LL","다이나믹","111","52","111","54"
"2020","2","11500","강서구","LL","다이나믹","95","50","111","54"
"2020","2","11470","양천구","LL","다이나믹","106","51","111","54"
"2020","2","11440","마포구","LL","다이나믹","94","51","111","54"
"2020","2","11410","서대문구","HH","정체","115","56","111","54"
"2020","2","11380","은평구","LL","다이나믹","105","53","111","54"
"2020","2","11350","노원구","LL","다이나믹","103","51","111","54"
"2020","2","11320","도봉구","LL","다이나믹","105","51","111","54"
"2020","2","11305","강북구","LL","다이나믹","106","51","111","54"
"2020","2","11290","성북구","HH","정체","113","56","111","54"
"2020","2","11260","중랑구","LL","다이나믹","109","51","111","54"
"2020","2","11230","동대문구","HH","정체","123","57","111","54"
"2020","2","11215","광진구","LL","다이나믹","107","52","111","54"
"2020","2","11200","성동구","LH","상권확장","106","57","111","54"
"2020","2","11170","용산구","HH","정체","121","57","111","54"
"2020","2","11140","중구","HH","정체","136","63","111","54"
"2020","2","11110","종로구","HH","정체","129","63","111","54"
"2020","1","11740","강동구","LL","다이나믹","106","50","110","54"
"2020","1","11710","송파구","LH","상권확장","108","54","110","54"
"2020","1","11680","강남구","LL","다이나믹","102","50","110","54"
"2020","1","11650","서초구","HH","정체","118","54","110","54"
"2020","1","11620","관악구","LL","다이나믹","108","52","110","54"
"2020","1","11590","동작구","HH","정체","115","57","110","54"
"2020","1","11560","영등포구","HL","상권축소","115","54","110","54"
"2020","1","11545","금천구","LL","다이나믹","103","52","110","54"
"2020","1","11530","구로구","LL","다이나믹","109","52","110","54"
"2020","1","11500","강서구","LL","다이나믹","94","50","110","54"
"2020","1","11470","양천구","LL","다이나믹","105","51","110","54"
"2020","1","11440","마포구","LL","다이나믹","93","51","110","54"
"2020","1","11410","서대문구","HH","정체","115","55","110","54"
"2020","1","11380","은평구","LL","다이나믹","105","53","110","54"
"2020","1","11350","노원구","LL","다이나믹","102","51","110","54"
"2020","1","11320","도봉구","LL","다이나믹","104","51","110","54"
"2020","1","11305","강북구","LL","다이나믹","106","51","110","54"
"2020","1","11290","성북구","HH","정체","112","56","110","54"
"2020","1","11260","중랑구","LL","다이나믹","108","51","110","54"
"2020","1","11230","동대문구","HH","정체","122","56","110","54"
"2020","1","11215","광진구","LL","다이나믹","106","52","110","54"
"2020","1","11200","성동구","LH","상권확장","105","57","110","54"
"2020","1","11170","용산구","HH","정체","120","57","110","54"
"2020","1","11140","중구","HH","정체","134","62","110","54"
"2020","1","11110","종로구","HH","정체","128","63","110","54"
"2019","4","11740","강동구","LL","다이나믹","105","50","110","54"
"2019","4","11710","송파구","LL","다이나믹","110","53","110","54"
"2019","4","11680","강남구","LL","다이나믹","106","50","110","54"
"2019","4","11650","서초구","HH","정체","118","54","110","54"
"2019","4","11620","관악구","LL","다이나믹","108","52","110","54"
"2019","4","11590","동작구","HH","정체","114","57","110","54"
"2019","4","11560","영등포구","HH","정체","115","54","110","54"
"2019","4","11545","금천구","LL","다이나믹","104","52","110","54"
"2019","4","11530","구로구","LL","다이나믹","110","52","110","54"
"2019","4","11500","강서구","LL","다이나믹","94","50","110","54"
"2019","4","11470","양천구","LL","다이나믹","104","50","110","54"
"2019","4","11440","마포구","LL","다이나믹","92","50","110","54"
"2019","4","11410","서대문구","HH","정체","114","55","110","54"
"2019","4","11380","은평구","LL","다이나믹","104","53","110","54"
"2019","4","11350","노원구","LL","다이나믹","101","51","110","54"
"2019","4","11320","도봉구","LL","다이나믹","103","51","110","54"
"2019","4","11305","강북구","LL","다이나믹","105","51","110","54"
"2019","4","11290","성북구","HH","정체","111","56","110","54"
"2019","4","11260","중랑구","LL","다이나믹","107","50","110","54"
"2019","4","11230","동대문구","HH","정체","122","56","110","54"
"2019","4","11215","광진구","LL","다이나믹","105","52","110","54"
"2019","4","11200","성동구","LH","상권확장","105","57","110","54"
"2019","4","11170","용산구","HH","정체","120","57","110","54"
"2019","4","11140","중구","HH","정체","134","62","110","54"
"2019","4","11110","종로구","HH","정체","128","62","110","54"
"2019","3","11740","강동구","LL","다이나믹","105","50","109","53"
"2019","3","11710","송파구","LH","상권확장","107","53","109","53"
"2019","3","11680","강남구","LL","다이나믹","101","49","109","53"
"2019","3","11650","서초구","HH","정체","117","53","109","53"
"2019","3","11620","관악구","LL","다이나믹","107","52","109","53"
"2019","3","11590","동작구","HH","정체","113","57","109","53"
"2019","3","11560","영등포구","HH","정체","114","53","109","53"
"2019","3","11545","금천구","LL","다이나믹","103","51","109","53"
"2019","3","11530","구로구","LL","다이나믹","109","52","109","53"
"2019","3","11500","강서구","LL","다이나믹","94","50","109","53"
"2019","3","11470","양천구","LL","다이나믹","104","50","109","53"
"2019","3","11440","마포구","LL","다이나믹","91","50","109","53"
"2019","3","11410","서대문구","HH","정체","113","55","109","53"
"2019","3","11380","은평구","LL","다이나믹","103","52","109","53"
"2019","3","11350","노원구","LL","다이나믹","101","51","109","53"
"2019","3","11320","도봉구","LL","다이나믹","102","50","109","53"
"2019","3","11305","강북구","LL","다이나믹","105","51","109","53"
"2019","3","11290","성북구","HH","정체","111","55","109","53"
"2019","3","11260","중랑구","LL","다이나믹","107","50","109","53"
"2019","3","11230","동대문구","HH","정체","121","56","109","53"
"2019","3","11215","광진구","LL","다이나믹","105","52","109","53"
"2019","3","11200","성동구","LH","상권확장","105","57","109","53"
"2019","3","11170","용산구","HH","정체","119","57","109","53"
"2019","3","11140","중구","HH","정체","134","62","109","53"
"2019","3","11110","종로구","HH","정체","127","62","109","53"
"2019","2","11740","강동구","LL","다이나믹","103","49","108","53"
"2019","2","11710","송파구","LH","상권확장","106","53","108","53"
"2019","2","11680","강남구","LL","다이나믹","99","49","108","53"
"2019","2","11650","서초구","HH","정체","115","53","108","53"
"2019","2","11620","관악구","LL","다이나믹","106","52","108","53"
"2019","2","11590","동작구","HH","정체","112","56","108","53"
"2019","2","11560","영등포구","HH","정체","113","53","108","53"
"2019","2","11545","금천구","LL","다이나믹","102","51","108","53"
"2019","2","11530","구로구","LL","다이나믹","107","51","108","53"
"2019","2","11500","강서구","LL","다이나믹","93","50","108","53"
"2019","2","11470","양천구","LL","다이나믹","103","50","108","53"
"2019","2","11440","마포구","LL","다이나믹","90","50","108","53"
"2019","2","11410","서대문구","HH","정체","112","55","108","53"
"2019","2","11380","은평구","LL","다이나믹","102","52","108","53"
"2019","2","11350","노원구","LL","다이나믹","99","51","108","53"
"2019","2","11320","도봉구","LL","다이나믹","101","50","108","53"
"2019","2","11305","강북구","LL","다이나믹","104","50","108","53"
"2019","2","11290","성북구","HH","정체","110","55","108","53"
"2019","2","11260","중랑구","LL","다이나믹","105","50","108","53"
"2019","2","11230","동대문구","HH","정체","120","56","108","53"
"2019","2","11215","광진구","LL","다이나믹","103","52","108","53"
"2019","2","11200","성동구","LH","상권확장","104","56","108","53"
"2019","2","11170","용산구","HH","정체","117","57","108","53"
"2019","2","11140","중구","HH","정체","132","62","108","53"
"2019","2","11110","종로구","HH","정체","126","62","108","53"
"2019","1","11740","강동구","LL","다이나믹","102","49","107","53"
"2019","1","11710","송파구","LH","상권확장","105","53","107","53"
"2019","1","11680","강남구","LL","다이나믹","98","49","107","53"
"2019","1","11650","서초구","HH","정체","114","53","107","53"
"2019","1","11620","관악구","LL","다이나믹","105","51","107","53"
"2019","1","11590","동작구","HH","정체","110","56","107","53"
"2019","1","11560","영등포구","HH","정체","112","53","107","53"
"2019","1","11545","금천구","LL","다이나믹","101","51","107","53"
"2019","1","11530","구로구","LL","다이나믹","106","51","107","53"
"2019","1","11500","강서구","LL","다이나믹","92","50","107","53"
"2019","1","11470","양천구","LL","다이나믹","102","50","107","53"
"2019","1","11440","마포구","LL","다이나믹","90","50","107","53"
"2019","1","11410","서대문구","HH","정체","112","54","107","53"
"2019","1","11380","은평구","LL","다이나믹","101","52","107","53"
"2019","1","11350","노원구","LL","다이나믹","98","50","107","53"
"2019","1","11320","도봉구","LL","다이나믹","100","50","107","53"
"2019","1","11305","강북구","LL","다이나믹","103","50","107","53"
"2019","1","11290","성북구","HH","정체","109","55","107","53"
"2019","1","11260","중랑구","LL","다이나믹","105","50","107","53"
"2019","1","11230","동대문구","HH","정체","118","55","107","53"
"2019","1","11215","광진구","LL","다이나믹","103","51","107","53"
"2019","1","11200","성동구","LH","상권확장","103","56","107","53"
"2019","1","11170","용산구","HH","정체","116","56","107","53"
"2019","1","11140","중구","HH","정체","130","61","107","53"
"2019","1","11110","종로구","HH","정체","125","62","107","53"
"2018","4","11740","강동구","LL","다이나믹","101","49","106","53"
"2018","4","11710","송파구","LH","상권확장","104","53","106","53"
"2018","4","11680","강남구","LL","다이나믹","97","49","106","53"
"2018","4","11650","서초구","HH","정체","112","53","106","53"
"2018","4","11620","관악구","LL","다이나믹","104","51","106","53"
"2018","4","11590","동작구","HH","정체","109","56","106","53"
"2018","4","11560","영등포구","HH","정체","110","53","106","53"
"2018","4","11545","금천구","LL","다이나믹","100","51","106","53"
"2018","4","11530","구로구","LL","다이나믹","104","51","106","53"
"2018","4","11500","강서구","LL","다이나믹","91","49","106","53"
"2018","4","11470","양천구","LL","다이나믹","101","50","106","53"
"2018","4","11440","마포구","LL","다이나믹","88","50","106","53"
"2018","4","11410","서대문구","HH","정체","111","54","106","53"
"2018","4","11380","은평구","LL","다이나믹","100","52","106","53"
"2018","4","11350","노원구","LL","다이나믹","97","50","106","53"
"2018","4","11320","도봉구","LL","다이나믹","99","50","106","53"
"2018","4","11305","강북구","LL","다이나믹","102","50","106","53"
"2018","4","11290","성북구","HH","정체","107","55","106","53"
"2018","4","11260","중랑구","LL","다이나믹","103","50","106","53"
"2018","4","11230","동대문구","HH","정체","117","55","106","53"
"2018","4","11215","광진구","LL","다이나믹","101","51","106","53"
"2018","4","11200","성동구","LH","상권확장","102","56","106","53"
"2018","4","11170","용산구","HH","정체","115","56","106","53"
"2018","4","11140","중구","HH","정체","128","61","106","53"
"2018","4","11110","종로구","HH","정체","124","61","106","53"
"2018","3","11740","강동구","LL","다이나믹","100","49","104","52"
"2018","3","11710","송파구","LH","상권확장","102","53","104","52"
"2018","3","11680","강남구","LL","다이나믹","95","49","104","52"
"2018","3","11650","서초구","HL","상권축소","110","52","104","52"
"2018","3","11620","관악구","LL","다이나믹","102","51","104","52"
"2018","3","11590","동작구","HH","정체","108","55","104","52"
"2018","3","11560","영등포구","HL","상권축소","109","52","104","52"
"2018","3","11545","금천구","LL","다이나믹","98","50","104","52"
"2018","3","11530","구로구","LL","다이나믹","102","51","104","52"
"2018","3","11500","강서구","LL","다이나믹","90","49","104","52"
"2018","3","11470","양천구","LL","다이나믹","99","49","104","52"
"2018","3","11440","마포구","LL","다이나믹","87","50","104","52"
"2018","3","11410","서대문구","HH","정체","110","54","104","52"
"2018","3","11380","은평구","LL","다이나믹","99","52","104","52"
"2018","3","11350","노원구","LL","다이나믹","96","50","104","52"
"2018","3","11320","도봉구","LL","다이나믹","98","49","104","52"
"2018","3","11305","강북구","LL","다이나믹","100","50","104","52"
"2018","3","11290","성북구","HH","정체","106","54","104","52"
"2018","3","11260","중랑구","LL","다이나믹","102","49","104","52"
"2018","3","11230","동대문구","HH","정체","116","54","104","52"
"2018","3","11215","광진구","LL","다이나믹","100","51","104","52"
"2018","3","11200","성동구","LH","상권확장","101","56","104","52"
"2018","3","11170","용산구","HH","정체","113","56","104","52"
"2018","3","11140","중구","HH","정체","125","61","104","52"
"2018","3","11110","종로구","HH","정체","123","61","104","52"
"2018","2","11740","강동구","LL","다이나믹","98","49","103","52"
"2018","2","11710","송파구","LH","상권확장","101","52","103","52"
"2018","2","11680","강남구","LL","다이나믹","94","48","103","52"
"2018","2","11650","서초구","HL","상권축소","109","52","103","52"
"2018","2","11620","관악구","LL","다이나믹","101","51","103","52"
"2018","2","11590","동작구","HH","정체","107","55","103","52"
"2018","2","11560","영등포구","HL","상권축소","107","52","103","52"
"2018","2","11545","금천구","LL","다이나믹","97","50","103","52"
"2018","2","11530","구로구","LL","다이나믹","101","51","103","52"
"2018","2","11500","강서구","LL","다이나믹","89","49","103","52"
"2018","2","11470","양천구","LL","다이나믹","98","49","103","52"
"2018","2","11440","마포구","LL","다이나믹","87","50","103","52"
"2018","2","11410","서대문구","HH","정체","109","54","103","52"
"2018","2","11380","은평구","LL","다이나믹","97","52","103","52"
"2018","2","11350","노원구","LL","다이나믹","95","50","103","52"
"2018","2","11320","도봉구","LL","다이나믹","97","49","103","52"
"2018","2","11305","강북구","LL","다이나믹","99","50","103","52"
"2018","2","11290","성북구","HH","정체","105","54","103","52"
"2018","2","11260","중랑구","LL","다이나믹","101","49","103","52"
"2018","2","11230","동대문구","HH","정체","114","54","103","52"
"2018","2","11215","광진구","LL","다이나믹","99","51","103","52"
"2018","2","11200","성동구","LH","상권확장","100","56","103","52"
"2018","2","11170","용산구","HH","정체","112","56","103","52"
"2018","2","11140","중구","HH","정체","123","60","103","52"
"2018","2","11110","종로구","HH","정체","122","61","103","52"
"2018","1","11740","강동구","LL","다이나믹","97","48","102","52"
"2018","1","11710","송파구","LH","상권확장","100","52","102","52"
"2018","1","11680","강남구","LL","다이나믹","93","48","102","52"
"2018","1","11650","서초구","HL","상권축소","108","52","102","52"
"2018","1","11620","관악구","LL","다이나믹","100","51","102","52"
"2018","1","11590","동작구","HH","정체","106","55","102","52"
"2018","1","11560","영등포구","HL","상권축소","106","52","102","52"
"2018","1","11545","금천구","LL","다이나믹","95","50","102","52"
"2018","1","11530","구로구","LL","다이나믹","99","50","102","52"
"2018","1","11500","강서구","LL","다이나믹","88","49","102","52"
"2018","1","11470","양천구","LL","다이나믹","97","49","102","52"
"2018","1","11440","마포구","LL","다이나믹","86","50","102","52"
"2018","1","11410","서대문구","HH","정체","108","53","102","52"
"2018","1","11380","은평구","LL","다이나믹","96","51","102","52"
"2018","1","11350","노원구","LL","다이나믹","93","50","102","52"
"2018","1","11320","도봉구","LL","다이나믹","96","49","102","52"
"2018","1","11305","강북구","LL","다이나믹","98","49","102","52"
"2018","1","11290","성북구","HH","정체","104","54","102","52"
"2018","1","11260","중랑구","LL","다이나믹","100","49","102","52"
"2018","1","11230","동대문구","HH","정체","113","54","102","52"
"2018","1","11215","광진구","LL","다이나믹","98","51","102","52"
"2018","1","11200","성동구","LH","상권확장","99","55","102","52"
"2018","1","11170","용산구","HH","정체","111","55","102","52"
"2018","1","11140","중구","HH","정체","121","60","102","52"
"2018","1","11110","종로구","HH","정체","121","60","102","52"
"2017","4","11740","강동구","LL","다이나믹","95","48","100","52"
"2017","4","11710","송파구","LH","상권확장","98","52","100","52"
"2017","4","11680","강남구","LL","다이나믹","91","48","100","52"
"2017","4","11650","서초구","HL","상권축소","106","51","100","52"
"2017","4","11620","관악구","LL","다이나믹","99","50","100","52"
"2017","4","11590","동작구","HH","정체","105","55","100","52"
"2017","4","11560","영등포구","HL","상권축소","105","52","100","52"
"2017","4","11545","금천구","LL","다이나믹","93","50","100","52"
"2017","4","11530","구로구","LL","다이나믹","97","50","100","52"
"2017","4","11500","강서구","LL","다이나믹","87","49","100","52"
"2017","4","11470","양천구","LL","다이나믹","95","49","100","52"
"2017","4","11440","마포구","LL","다이나믹","85","49","100","52"
"2017","4","11410","서대문구","HH","정체","107","53","100","52"
"2017","4","11380","은평구","LL","다이나믹","95","51","100","52"
"2017","4","11350","노원구","LL","다이나믹","92","49","100","52"
"2017","4","11320","도봉구","LL","다이나믹","94","49","100","52"
"2017","4","11305","강북구","LL","다이나믹","97","49","100","52"
"2017","4","11290","성북구","HH","정체","103","53","100","52"
"2017","4","11260","중랑구","LL","다이나믹","99","49","100","52"
"2017","4","11230","동대문구","HH","정체","111","54","100","52"
"2017","4","11215","광진구","LL","다이나믹","97","50","100","52"
"2017","4","11200","성동구","LH","상권확장","98","55","100","52"
"2017","4","11170","용산구","HH","정체","110","55","100","52"
"2017","4","11140","중구","HH","정체","119","60","100","52"
"2017","4","11110","종로구","HH","정체","120","60","100","52"
"2017","3","11740","강동구","LL","다이나믹","94","48","99","51"
"2017","3","11710","송파구","LH","상권확장","97","52","99","51"
"2017","3","11680","강남구","LL","다이나믹","89","48","99","51"
"2017","3","11650","서초구","HL","상권축소","104","51","99","51"
"2017","3","11620","관악구","LL","다이나믹","97","50","99","51"
"2017","3","11590","동작구","HH","정체","103","54","99","51"
"2017","3","11560","영등포구","HL","상권축소","103","51","99","51"
"2017","3","11545","금천구","LL","다이나믹","92","49","99","51"
"2017","3","11530","구로구","LL","다이나믹","96","50","99","51"
"2017","3","11500","강서구","LL","다이나믹","87","48","99","51"
"2017","3","11470","양천구","LL","다이나믹","94","48","99","51"
"2017","3","11440","마포구","LL","다이나믹","83","49","99","51"
"2017","3","11410","서대문구","HH","정체","105","53","99","51"
"2017","3","11380","은평구","LL","다이나믹","94","51","99","51"
"2017","3","11350","노원구","LL","다이나믹","91","49","99","51"
"2017","3","11320","도봉구","LL","다이나믹","93","48","99","51"
"2017","3","11305","강북구","LL","다이나믹","96","49","99","51"
"2017","3","11290","성북구","HH","정체","101","53","99","51"
"2017","3","11260","중랑구","LL","다이나믹","97","48","99","51"
"2017","3","11230","동대문구","HH","정체","110","53","99","51"
"2017","3","11215","광진구","LL","다이나믹","95","50","99","51"
"2017","3","11200","성동구","LH","상권확장","97","55","99","51"
"2017","3","11170","용산구","HH","정체","108","55","99","51"
"2017","3","11140","중구","HH","정체","117","59","99","51"
"2017","3","11110","종로구","HH","정체","118","60","99","51"
"2017","2","11740","강동구","LL","다이나믹","93","47","98","51"
"2017","2","11710","송파구","LH","상권확장","97","51","98","51"
"2017","2","11680","강남구","LL","다이나믹","89","48","98","51"
"2017","2","11650","서초구","HL","상권축소","104","51","98","51"
"2017","2","11620","관악구","LL","다이나믹","97","50","98","51"
"2017","2","11590","동작구","HH","정체","103","54","98","51"
"2017","2","11560","영등포구","HL","상권축소","102","51","98","51"
"2017","2","11545","금천구","LL","다이나믹","91","49","98","51"
"2017","2","11530","구로구","LL","다이나믹","95","50","98","51"
"2017","2","11500","강서구","LL","다이나믹","87","48","98","51"
"2017","2","11470","양천구","LL","다이나믹","93","48","98","51"
"2017","2","11440","마포구","LL","다이나믹","83","49","98","51"
"2017","2","11410","서대문구","HH","정체","104","53","98","51"
"2017","2","11380","은평구","LL","다이나믹","93","51","98","51"
"2017","2","11350","노원구","LL","다이나믹","90","49","98","51"
"2017","2","11320","도봉구","LL","다이나믹","92","48","98","51"
"2017","2","11305","강북구","LL","다이나믹","95","49","98","51"
"2017","2","11290","성북구","HH","정체","101","53","98","51"
"2017","2","11260","중랑구","LL","다이나믹","97","48","98","51"
"2017","2","11230","동대문구","HH","정체","109","53","98","51"
"2017","2","11215","광진구","LL","다이나믹","95","50","98","51"
"2017","2","11200","성동구","LH","상권확장","96","55","98","51"
"2017","2","11170","용산구","HH","정체","108","54","98","51"
"2017","2","11140","중구","HH","정체","117","59","98","51"
"2017","2","11110","종로구","HH","정체","118","59","98","51"
"2017","1","11740","강동구","LL","다이나믹","93","47","98","51"
"2017","1","11710","송파구","LH","상권확장","97","51","98","51"
"2017","1","11680","강남구","LL","다이나믹","89","47","98","51"
"2017","1","11650","서초구","HL","상권축소","103","50","98","51"
"2017","1","11620","관악구","LL","다이나믹","97","50","98","51"
"2017","1","11590","동작구","HH","정체","102","54","98","51"
"2017","1","11560","영등포구","HL","상권축소","102","51","98","51"
"2017","1","11545","금천구","LL","다이나믹","90","49","98","51"
"2017","1","11530","구로구","LL","다이나믹","94","49","98","51"
"2017","1","11500","강서구","LL","다이나믹","87","48","98","51"
"2017","1","11470","양천구","LL","다이나믹","93","48","98","51"
"2017","1","11440","마포구","LL","다이나믹","83","49","98","51"
"2017","1","11410","서대문구","HH","정체","104","52","98","51"
"2017","1","11380","은평구","LL","다이나믹","93","50","98","51"
"2017","1","11350","노원구","LL","다이나믹","90","48","98","51"
"2017","1","11320","도봉구","LL","다이나믹","92","48","98","51"
"2017","1","11305","강북구","LL","다이나믹","95","48","98","51"
"2017","1","11290","성북구","HH","정체","100","53","98","51"
"2017","1","11260","중랑구","LL","다이나믹","96","48","98","51"
"2017","1","11230","동대문구","HH","정체","108","52","98","51"
"2017","1","11215","광진구","LL","다이나믹","95","49","98","51"
"2017","1","11200","성동구","LH","상권확장","97","54","98","51"
"2017","1","11170","용산구","HH","정체","107","54","98","51"
"2017","1","11140","중구","HH","정체","115","59","98","51"
"2017","1","11110","종로구","HH","정체","117","59","98","51"
"2016","4","11740","강동구","LL","다이나믹","92","47","98","51"
"2016","4","11710","송파구","LH","상권확장","97","51","98","51"
"2016","4","11680","강남구","LL","다이나믹","88","47","98","51"
"2016","4","11650","서초구","HL","상권축소","103","50","98","51"
"2016","4","11620","관악구","LL","다이나믹","96","49","98","51"
"2016","4","11590","동작구","HH","정체","102","54","98","51"
"2016","4","11560","영등포구","HL","상권축소","101","50","98","51"
"2016","4","11545","금천구","LL","다이나믹","90","49","98","51"
"2016","4","11530","구로구","LL","다이나믹","94","49","98","51"
"2016","4","11500","강서구","LL","다이나믹","87","48","98","51"
"2016","4","11470","양천구","LL","다이나믹","92","47","98","51"
"2016","4","11440","마포구","LL","다이나믹","83","49","98","51"
"2016","4","11410","서대문구","HH","정체","104","52","98","51"
"2016","4","11380","은평구","LL","다이나믹","93","50","98","51"
"2016","4","11350","노원구","LL","다이나믹","90","48","98","51"
"2016","4","11320","도봉구","LL","다이나믹","91","48","98","51"
"2016","4","11305","강북구","LL","다이나믹","95","48","98","51"
"2016","4","11290","성북구","HH","정체","100","52","98","51"
"2016","4","11260","중랑구","LL","다이나믹","95","48","98","51"
"2016","4","11230","동대문구","HH","정체","108","52","98","51"
"2016","4","11215","광진구","LL","다이나믹","94","49","98","51"
"2016","4","11200","성동구","LH","상권확장","97","54","98","51"
"2016","4","11170","용산구","HH","정체","106","54","98","51"
"2016","4","11140","중구","HH","정체","115","58","98","51"
"2016","4","11110","종로구","HH","정체","117","59","98","51"
"2016","3","11740","강동구","LL","다이나믹","92","46","97","50"
"2016","3","11710","송파구","LH","상권확장","97","50","97","50"
"2016","3","11680","강남구","LL","다이나믹","88","47","97","50"
"2016","3","11650","서초구","HL","상권축소","102","50","97","50"
"2016","3","11620","관악구","LL","다이나믹","96","49","97","50"
"2016","3","11590","동작구","HH","정체","102","53","97","50"
"2016","3","11560","영등포구","HL","상권축소","101","50","97","50"
"2016","3","11545","금천구","LL","다이나믹","89","48","97","50"
"2016","3","11530","구로구","LL","다이나믹","93","49","97","50"
"2016","3","11500","강서구","LL","다이나믹","87","47","97","50"
"2016","3","11470","양천구","LL","다이나믹","91","47","97","50"
"2016","3","11440","마포구","LL","다이나믹","83","48","97","50"
"2016","3","11410","서대문구","HH","정체","103","52","97","50"
"2016","3","11380","은평구","LL","다이나믹","93","50","97","50"
"2016","3","11350","노원구","LL","다이나믹","89","48","97","50"
"2016","3","11320","도봉구","LL","다이나믹","91","47","97","50"
"2016","3","11305","강북구","LL","다이나믹","94","48","97","50"
"2016","3","11290","성북구","HH","정체","99","52","97","50"
"2016","3","11260","중랑구","LL","다이나믹","95","47","97","50"
"2016","3","11230","동대문구","HH","정체","107","52","97","50"
"2016","3","11215","광진구","LL","다이나믹","93","49","97","50"
"2016","3","11200","성동구","HH","정체","97","53","97","50"
"2016","3","11170","용산구","HH","정체","106","53","97","50"
"2016","3","11140","중구","HH","정체","114","58","97","50"
"2016","3","11110","종로구","HH","정체","116","58","97","50"
"2016","2","11740","강동구","LL","다이나믹","92","46","97","50"
"2016","2","11710","송파구","HH","정체","97","50","97","50"
"2016","2","11680","강남구","LL","다이나믹","88","46","97","50"
"2016","2","11650","서초구","HL","상권축소","102","49","97","50"
"2016","2","11620","관악구","LL","다이나믹","95","49","97","50"
"2016","2","11590","동작구","HH","정체","101","53","97","50"
"2016","2","11560","영등포구","HL","상권축소","100","49","97","50"
"2016","2","11545","금천구","LL","다이나믹","89","48","97","50"
"2016","2","11530","구로구","LL","다이나믹","92","48","97","50"
"2016","2","11500","강서구","LL","다이나믹","87","47","97","50"
"2016","2","11470","양천구","LL","다이나믹","91","47","97","50"
"2016","2","11440","마포구","LL","다이나믹","83","48","97","50"
"2016","2","11410","서대문구","HH","정체","103","51","97","50"
"2016","2","11380","은평구","LL","다이나믹","93","50","97","50"
"2016","2","11350","노원구","LL","다이나믹","89","47","97","50"
"2016","2","11320","도봉구","LL","다이나믹","90","47","97","50"
"2016","2","11305","강북구","LL","다이나믹","94","48","97","50"
"2016","2","11290","성북구","HH","정체","99","51","97","50"
"2016","2","11260","중랑구","LL","다이나믹","94","47","97","50"
"2016","2","11230","동대문구","HH","정체","106","51","97","50"
"2016","2","11215","광진구","LL","다이나믹","93","49","97","50"
"2016","2","11200","성동구","HH","정체","97","53","97","50"
"2016","2","11170","용산구","HH","정체","105","53","97","50"
"2016","2","11140","중구","HH","정체","114","57","97","50"
"2016","2","11110","종로구","HH","정체","115","58","97","50"
"2016","1","11740","강동구","LL","다이나믹","92","46","97","49"
"2016","1","11710","송파구","HH","정체","97","49","97","49"
"2016","1","11680","강남구","LL","다이나믹","88","46","97","49"
"2016","1","11650","서초구","HL","상권축소","101","49","97","49"
"2016","1","11620","관악구","LL","다이나믹","96","48","97","49"
"2016","1","11590","동작구","HH","정체","102","52","97","49"
"2016","1","11560","영등포구","HL","상권축소","101","49","97","49"
"2016","1","11545","금천구","LL","다이나믹","89","48","97","49"
"2016","1","11530","구로구","LL","다이나믹","93","48","97","49"
"2016","1","11500","강서구","LL","다이나믹","87","47","97","49"
"2016","1","11470","양천구","LL","다이나믹","90","46","97","49"
"2016","1","11440","마포구","LL","다이나믹","84","47","97","49"
"2016","1","11410","서대문구","HH","정체","103","51","97","49"
"2016","1","11380","은평구","LL","다이나믹","93","49","97","49"
"2016","1","11350","노원구","LL","다이나믹","89","47","97","49"
"2016","1","11320","도봉구","LL","다이나믹","91","47","97","49"
"2016","1","11305","강북구","LL","다이나믹","94","47","97","49"
"2016","1","11290","성북구","HH","정체","99","51","97","49"
"2016","1","11260","중랑구","LL","다이나믹","94","46","97","49"
"2016","1","11230","동대문구","HH","정체","106","51","97","49"
"2016","1","11215","광진구","LL","다이나믹","93","48","97","49"
"2016","1","11200","성동구","HH","정체","97","53","97","49"
"2016","1","11170","용산구","HH","정체","104","53","97","49"
"2016","1","11140","중구","HH","정체","114","57","97","49"
"2016","1","11110","종로구","HH","정체","115","57","97","49"
"2015","4","11740","강동구","LL","다이나믹","91","45","97","49"
"2015","4","11710","송파구","LH","상권확장","97","49","97","49"
"2015","4","11680","강남구","LL","다이나믹","88","46","97","49"
"2015","4","11650","서초구","HL","상권축소","101","48","97","49"
"2015","4","11620","관악구","LL","다이나믹","95","48","97","49"
"2015","4","11590","동작구","HH","정체","102","52","97","49"
"2015","4","11560","영등포구","HL","상권축소","100","49","97","49"
"2015","4","11545","금천구","LL","다이나믹","89","47","97","49"
"2015","4","11530","구로구","LL","다이나믹","92","48","97","49"
"2015","4","11500","강서구","LL","다이나믹","87","46","97","49"
"2015","4","11470","양천구","LL","다이나믹","90","46","97","49"
"2015","4","11440","마포구","LL","다이나믹","83","47","97","49"
"2015","4","11410","서대문구","HH","정체","103","51","97","49"
"2015","4","11380","은평구","LL","다이나믹","93","49","97","49"
"2015","4","11350","노원구","LL","다이나믹","89","46","97","49"
"2015","4","11320","도봉구","LL","다이나믹","90","46","97","49"
"2015","4","11305","강북구","LL","다이나믹","94","47","97","49"
"2015","4","11290","성북구","HH","정체","99","51","97","49"
"2015","4","11260","중랑구","LL","다이나믹","94","46","97","49"
"2015","4","11230","동대문구","HH","정체","106","51","97","49"
"2015","4","11215","광진구","LL","다이나믹","93","48","97","49"
"2015","4","11200","성동구","HH","정체","97","52","97","49"
"2015","4","11170","용산구","HH","정체","104","52","97","49"
"2015","4","11140","중구","HH","정체","114","56","97","49"
"2015","4","11110","종로구","HH","정체","115","57","97","49"
"2015","3","11740","강동구","LL","다이나믹","91","45","96","48"
"2015","3","11710","송파구","LH","상권확장","96","49","96","48"
"2015","3","11680","강남구","LL","다이나믹","87","45","96","48"
"2015","3","11650","서초구","HL","상권축소","100","48","96","48"
"2015","3","11620","관악구","LL","다이나믹","95","48","96","48"
"2015","3","11590","동작구","HH","정체","102","51","96","48"
"2015","3","11560","영등포구","HL","상권축소","100","48","96","48"
"2015","3","11545","금천구","LL","다이나믹","88","47","96","48"
"2015","3","11530","구로구","LL","다이나믹","92","47","96","48"
"2015","3","11500","강서구","LL","다이나믹","86","46","96","48"
"2015","3","11470","양천구","LL","다이나믹","90","45","96","48"
"2015","3","11440","마포구","LL","다이나믹","83","47","96","48"
"2015","3","11410","서대문구","HH","정체","103","50","96","48"
"2015","3","11380","은평구","LL","다이나믹","92","48","96","48"
"2015","3","11350","노원구","LL","다이나믹","88","46","96","48"
"2015","3","11320","도봉구","LL","다이나믹","90","46","96","48"
"2015","3","11305","강북구","LL","다이나믹","93","46","96","48"
"2015","3","11290","성북구","HH","정체","98","50","96","48"
"2015","3","11260","중랑구","LL","다이나믹","94","45","96","48"
"2015","3","11230","동대문구","HH","정체","105","50","96","48"
"2015","3","11215","광진구","LL","다이나믹","93","47","96","48"
"2015","3","11200","성동구","HH","정체","97","52","96","48"
"2015","3","11170","용산구","HH","정체","104","52","96","48"
"2015","3","11140","중구","HH","정체","113","56","96","48"
"2015","3","11110","종로구","HH","정체","114","56","96","48"
"2015","2","11740","강동구","LL","다이나믹","90","44","96","48"
"2015","2","11710","송파구","LH","상권확장","95","48","96","48"
"2015","2","11680","강남구","LL","다이나믹","87","45","96","48"
"2015","2","11650","서초구","HL","상권축소","100","47","96","48"
"2015","2","11620","관악구","LL","다이나믹","95","47","96","48"
"2015","2","11590","동작구","HH","정체","101","51","96","48"
"2015","2","11560","영등포구","HL","상권축소","99","48","96","48"
"2015","2","11545","금천구","LL","다이나믹","88","46","96","48"
"2015","2","11530","구로구","LL","다이나믹","91","47","96","48"
"2015","2","11500","강서구","LL","다이나믹","86","46","96","48"
"2015","2","11470","양천구","LL","다이나믹","89","45","96","48"
"2015","2","11440","마포구","LL","다이나믹","83","46","96","48"
"2015","2","11410","서대문구","HH","정체","102","50","96","48"
"2015","2","11380","은평구","LL","다이나믹","92","48","96","48"
"2015","2","11350","노원구","LL","다이나믹","88","46","96","48"
"2015","2","11320","도봉구","LL","다이나믹","89","45","96","48"
"2015","2","11305","강북구","LL","다이나믹","93","46","96","48"
"2015","2","11290","성북구","HH","정체","98","49","96","48"
"2015","2","11260","중랑구","LL","다이나믹","93","45","96","48"
"2015","2","11230","동대문구","HH","정체","104","49","96","48"
"2015","2","11215","광진구","LL","다이나믹","93","47","96","48"
"2015","2","11200","성동구","HH","정체","96","51","96","48"
"2015","2","11170","용산구","HH","정체","103","51","96","48"
"2015","2","11140","중구","HH","정체","112","55","96","48"
"2015","2","11110","종로구","HH","정체","113","56","96","48"
"2015","1","11740","강동구","LL","다이나믹","90","44","95","47"
"2015","1","11710","송파구","LH","상권확장","95","48","95","47"
"2015","1","11680","강남구","LL","다이나믹","86","44","95","47"
"2015","1","11650","서초구","HL","상권축소","99","47","95","47"
"2015","1","11620","관악구","LL","다이나믹","95","47","95","47"
"2015","1","11590","동작구","HH","정체","100","50","95","47"
"2015","1","11560","영등포구","HL","상권축소","99","47","95","47"
"2015","1","11545","금천구","LL","다이나믹","88","46","95","47"
"2015","1","11530","구로구","LL","다이나믹","91","47","95","47"
"2015","1","11500","강서구","LL","다이나믹","86","45","95","47"
"2015","1","11470","양천구","LL","다이나믹","89","44","95","47"
"2015","1","11440","마포구","LL","다이나믹","83","46","95","47"
"2015","1","11410","서대문구","HH","정체","102","49","95","47"
"2015","1","11380","은평구","LL","다이나믹","92","47","95","47"
"2015","1","11350","노원구","LL","다이나믹","87","45","95","47"
"2015","1","11320","도봉구","LL","다이나믹","89","45","95","47"
"2015","1","11305","강북구","LL","다이나믹","93","45","95","47"
"2015","1","11290","성북구","HH","정체","98","49","95","47"
"2015","1","11260","중랑구","LL","다이나믹","93","44","95","47"
"2015","1","11230","동대문구","HH","정체","104","49","95","47"
"2015","1","11215","광진구","LL","다이나믹","93","46","95","47"
"2015","1","11200","성동구","HH","정체","96","51","95","47"
"2015","1","11170","용산구","HH","정체","103","51","95","47"
"2015","1","11140","중구","HH","정체","111","54","95","47"
"2015","1","11110","종로구","HH","정체","113","55","95","47"
"2014","4","11740","강동구","LL","다이나믹","89","43","95","47"
"2014","4","11710","송파구","LH","상권확장","94","47","95","47"
"2014","4","11680","강남구","LL","다이나믹","86","44","95","47"
"2014","4","11650","서초구","HL","상권축소","98","46","95","47"
"2014","4","11620","관악구","LL","다이나믹","94","46","95","47"
"2014","4","11590","동작구","HH","정체","100","50","95","47"
"2014","4","11560","영등포구","HL","상권축소","98","47","95","47"
"2014","4","11545","금천구","LL","다이나믹","87","45","95","47"
"2014","4","11530","구로구","LL","다이나믹","90","46","95","47"
"2014","4","11500","강서구","LL","다이나믹","85","45","95","47"
"2014","4","11470","양천구","LL","다이나믹","88","44","95","47"
"2014","4","11440","마포구","LL","다이나믹","83","46","95","47"
"2014","4","11410","서대문구","HH","정체","101","49","95","47"
"2014","4","11380","은평구","LL","다이나믹","91","47","95","47"
"2014","4","11350","노원구","LL","다이나믹","87","44","95","47"
"2014","4","11320","도봉구","LL","다이나믹","89","44","95","47"
"2014","4","11305","강북구","LL","다이나믹","92","45","95","47"
"2014","4","11290","성북구","HH","정체","98","48","95","47"
"2014","4","11260","중랑구","LL","다이나믹","92","44","95","47"
"2014","4","11230","동대문구","HH","정체","103","48","95","47"
"2014","4","11215","광진구","LL","다이나믹","92","46","95","47"
"2014","4","11200","성동구","HH","정체","95","50","95","47"
"2014","4","11170","용산구","HH","정체","102","50","95","47"
"2014","4","11140","중구","HH","정체","110","54","95","47"
"2014","4","11110","종로구","HH","정체","112","55","95","47"
"2014","3","11740","강동구","LL","다이나믹","88","43","94","46"
"2014","3","11710","송파구","LH","상권확장","93","47","94","46"
"2014","3","11680","강남구","LL","다이나믹","85","43","94","46"
"2014","3","11650","서초구","HL","상권축소","97","46","94","46"
"2014","3","11620","관악구","LL","다이나믹","93","45","94","46"
"2014","3","11590","동작구","HH","정체","98","49","94","46"
"2014","3","11560","영등포구","HL","상권축소","97","46","94","46"
"2014","3","11545","금천구","LL","다이나믹","86","45","94","46"
"2014","3","11530","구로구","LL","다이나믹","89","45","94","46"
"2014","3","11500","강서구","LL","다이나믹","85","44","94","46"
"2014","3","11470","양천구","LL","다이나믹","87","43","94","46"
"2014","3","11440","마포구","LL","다이나믹","82","45","94","46"
"2014","3","11410","서대문구","HH","정체","100","48","94","46"
"2014","3","11380","은평구","LH","상권확장","90","46","94","46"
"2014","3","11350","노원구","LL","다이나믹","86","44","94","46"
"2014","3","11320","도봉구","LL","다이나믹","88","44","94","46"
"2014","3","11305","강북구","LL","다이나믹","91","44","94","46"
"2014","3","11290","성북구","HH","정체","96","47","94","46"
"2014","3","11260","중랑구","LL","다이나믹","91","43","94","46"
"2014","3","11230","동대문구","HH","정체","102","48","94","46"
"2014","3","11215","광진구","LL","다이나믹","91","45","94","46"
"2014","3","11200","성동구","HH","정체","95","50","94","46"
"2014","3","11170","용산구","HH","정체","102","50","94","46"
"2014","3","11140","중구","HH","정체","109","53","94","46"
"2014","3","11110","종로구","HH","정체","111","54","94","46"
"2014","2","11740","강동구","LL","다이나믹","87","42","93","46"
"2014","2","11710","송파구","LH","상권확장","92","46","93","46"
"2014","2","11680","강남구","LL","다이나믹","84","43","93","46"
"2014","2","11650","서초구","HL","상권축소","97","45","93","46"
"2014","2","11620","관악구","LL","다이나믹","92","45","93","46"
"2014","2","11590","동작구","HH","정체","98","48","93","46"
"2014","2","11560","영등포구","HL","상권축소","96","46","93","46"
"2014","2","11545","금천구","LL","다이나믹","85","44","93","46"
"2014","2","11530","구로구","LL","다이나믹","88","45","93","46"
"2014","2","11500","강서구","LL","다이나믹","84","43","93","46"
"2014","2","11470","양천구","LL","다이나믹","86","43","93","46"
"2014","2","11440","마포구","LL","다이나믹","82","45","93","46"
"2014","2","11410","서대문구","HH","정체","99","48","93","46"
"2014","2","11380","은평구","LH","상권확장","89","46","93","46"
"2014","2","11350","노원구","LL","다이나믹","85","43","93","46"
"2014","2","11320","도봉구","LL","다이나믹","87","43","93","46"
"2014","2","11305","강북구","LL","다이나믹","90","44","93","46"
"2014","2","11290","성북구","HH","정체","95","47","93","46"
"2014","2","11260","중랑구","LL","다이나믹","91","43","93","46"
"2014","2","11230","동대문구","HH","정체","101","47","93","46"
"2014","2","11215","광진구","LL","다이나믹","90","45","93","46"
"2014","2","11200","성동구","HH","정체","94","49","93","46"
"2014","2","11170","용산구","HH","정체","101","49","93","46"
"2014","2","11140","중구","HH","정체","108","53","93","46"
"2014","2","11110","종로구","HH","정체","110","54","93","46"
"2014","1","11740","강동구","LL","다이나믹","86","42","92","45"
"2014","1","11710","송파구","LH","상권확장","91","45","92","45"
"2014","1","11680","강남구","LL","다이나믹","83","42","92","45"
"2014","1","11650","서초구","HL","상권축소","96","45","92","45"
"2014","1","11620","관악구","LL","다이나믹","91","44","92","45"
"2014","1","11590","동작구","HH","정체","97","48","92","45"
"2014","1","11560","영등포구","HL","상권축소","95","45","92","45"
"2014","1","11545","금천구","LL","다이나믹","85","44","92","45"
"2014","1","11530","구로구","LL","다이나믹","87","44","92","45"
"2014","1","11500","강서구","LL","다이나믹","83","43","92","45"
"2014","1","11470","양천구","LL","다이나믹","85","42","92","45"
"2014","1","11440","마포구","LL","다이나믹","82","44","92","45"
"2014","1","11410","서대문구","HH","정체","98","47","92","45"
"2014","1","11380","은평구","LH","상권확장","88","45","92","45"
"2014","1","11350","노원구","LL","다이나믹","84","43","92","45"
"2014","1","11320","도봉구","LL","다이나믹","86","42","92","45"
"2014","1","11305","강북구","LL","다이나믹","89","43","92","45"
"2014","1","11290","성북구","HH","정체","95","46","92","45"
"2014","1","11260","중랑구","LL","다이나믹","90","42","92","45"
"2014","1","11230","동대문구","HH","정체","100","47","92","45"
"2014","1","11215","광진구","LL","다이나믹","89","44","92","45"
"2014","1","11200","성동구","HH","정체","94","48","92","45"
"2014","1","11170","용산구","HH","정체","100","49","92","45"
"2014","1","11140","중구","HH","정체","107","52","92","45"
"2014","1","11110","종로구","HH","정체","109","53","92","45"